<?xml version="1.0" encoding="UTF-8"?>
<config xmlns="http://www.knime.org/2008/09/XMLConfig" xmlns:xsi="http://www.w3.org/2001/XMLSchema-instance" xsi:schemaLocation="http://www.knime.org/2008/09/XMLConfig http://www.knime.org/XMLConfig_2008_09.xsd" key="model.xml">
<entry key="version" type="xint" value="1"/>
<entry key="class_name" type="xstring" value="org.knime.base.data.normalize.NormalizerPortObject"/>
<config key="model">
<config key="columns">
<config key="LIMIT_BAL">
<entry key="column_name" type="xstring" value="LIMIT_BAL"/>
<entry key="column_scale" type="xdouble" value="3.388054478831842E-5"/>
<entry key="column_translate" type="xdouble" value="-0.010101010101010102"/>
<entry key="column_min" type="xdouble" value="0.0"/>
<entry key="column_max" type="xdouble" value="1.0"/>
</config>
<config key="PAY_DEC">
<entry key="column_name" type="xstring" value="PAY_DEC"/>
<entry key="column_scale" type="xdouble" value="0.1"/>
<entry key="column_translate" type="xdouble" value="0.2"/>
<entry key="column_min" type="xdouble" value="0.0"/>
<entry key="column_max" type="xdouble" value="1.0"/>
</config>
<config key="PAY_NOV">
<entry key="column_name" type="xstring" value="PAY_NOV"/>
<entry key="column_scale" type="xdouble" value="0.1"/>
<entry key="column_translate" type="xdouble" value="0.2"/>
<entry key="column_min" type="xdouble" value="0.0"/>
<entry key="column_max" type="xdouble" value="1.0"/>
</config>
<config key="PAY_OCT">
<entry key="column_name" type="xstring" value="PAY_OCT"/>
<entry key="column_scale" type="xdouble" value="0.1"/>
<entry key="column_translate" type="xdouble" value="0.2"/>
<entry key="column_min" type="xdouble" value="0.0"/>
<entry key="column_max" type="xdouble" value="1.0"/>
</config>
<config key="PAY_SEP">
<entry key="column_name" type="xstring" value="PAY_SEP"/>
<entry key="column_scale" type="xdouble" value="0.1"/>
<entry key="column_translate" type="xdouble" value="0.2"/>
<entry key="column_min" type="xdouble" value="0.0"/>
<entry key="column_max" type="xdouble" value="1.0"/>
</config>
<config key="PAY_AUG">
<entry key="column_name" type="xstring" value="PAY_AUG"/>
<entry key="column_scale" type="xdouble" value="0.1"/>
<entry key="column_translate" type="xdouble" value="0.2"/>
<entry key="column_min" type="xdouble" value="0.0"/>
<entry key="column_max" type="xdouble" value="1.0"/>
</config>
<config key="PAY_JUL">
<entry key="column_name" type="xstring" value="PAY_JUL"/>
<entry key="column_scale" type="xdouble" value="0.1"/>
<entry key="column_translate" type="xdouble" value="0.2"/>
<entry key="column_min" type="xdouble" value="0.0"/>
<entry key="column_max" type="xdouble" value="1.0"/>
</config>
<config key="BILL_AMT_DEC">
<entry key="column_name" type="xstring" value="BILL_AMT_DEC"/>
<entry key="column_scale" type="xdouble" value="2.9680564963385265E-5"/>
<entry key="column_translate" type="xdouble" value="0.14651917411786677"/>
<entry key="column_min" type="xdouble" value="0.0"/>
<entry key="column_max" type="xdouble" value="1.0"/>
</config>
<config key="BILL_AMT_NOV">
<entry key="column_name" type="xstring" value="BILL_AMT_NOV"/>
<entry key="column_scale" type="xdouble" value="3.1832100868890724E-5"/>
<entry key="column_translate" type="xdouble" value="0.06622043298265717"/>
<entry key="column_min" type="xdouble" value="0.0"/>
<entry key="column_max" type="xdouble" value="1.0"/>
</config>
<config key="BILL_AMT_OCT">
<entry key="column_name" type="xstring" value="BILL_AMT_OCT"/>
<entry key="column_scale" type="xdouble" value="1.8415836656007593E-5"/>
<entry key="column_translate" type="xdouble" value="0.08634460205621877"/>
<entry key="column_min" type="xdouble" value="0.0"/>
<entry key="column_max" type="xdouble" value="1.0"/>
</config>
<config key="BILL_AMT_SEP">
<entry key="column_name" type="xstring" value="BILL_AMT_SEP"/>
<entry key="column_scale" type="xdouble" value="3.4475331312374336E-5"/>
<entry key="column_translate" type="xdouble" value="0.08359782920135604"/>
<entry key="column_min" type="xdouble" value="0.0"/>
<entry key="column_max" type="xdouble" value="1.0"/>
</config>
<config key="BILL_AMT_AUG">
<entry key="column_name" type="xstring" value="BILL_AMT_AUG"/>
<entry key="column_scale" type="xdouble" value="3.32588726243033E-5"/>
<entry key="column_translate" type="xdouble" value="0.08064808798742992"/>
<entry key="column_min" type="xdouble" value="0.0"/>
<entry key="column_max" type="xdouble" value="1.0"/>
</config>
<config key="BILL_AMT_JUL">
<entry key="column_name" type="xstring" value="BILL_AMT_JUL"/>
<entry key="column_scale" type="xdouble" value="2.5776216058251485E-5"/>
<entry key="column_translate" type="xdouble" value="0.26097872303199193"/>
<entry key="column_min" type="xdouble" value="0.0"/>
<entry key="column_max" type="xdouble" value="1.0"/>
</config>
<config key="PAY_AMT_DEC">
<entry key="column_name" type="xstring" value="PAY_AMT_DEC"/>
<entry key="column_scale" type="xdouble" value="3.839695786493433E-5"/>
<entry key="column_translate" type="xdouble" value="0.0"/>
<entry key="column_min" type="xdouble" value="0.0"/>
<entry key="column_max" type="xdouble" value="1.0"/>
</config>
<config key="PAY_AMT_NOV">
<entry key="column_name" type="xstring" value="PAY_AMT_NOV"/>
<entry key="column_scale" type="xdouble" value="1.9914834560503098E-5"/>
<entry key="column_translate" type="xdouble" value="0.0"/>
<entry key="column_min" type="xdouble" value="0.0"/>
<entry key="column_max" type="xdouble" value="1.0"/>
</config>
<config key="PAY_AMT_OCT">
<entry key="column_name" type="xstring" value="PAY_AMT_OCT"/>
<entry key="column_scale" type="xdouble" value="3.743330581833127E-5"/>
<entry key="column_translate" type="xdouble" value="0.0"/>
<entry key="column_min" type="xdouble" value="0.0"/>
<entry key="column_max" type="xdouble" value="1.0"/>
</config>
<config key="PAY_AMT_SEP">
<entry key="column_name" type="xstring" value="PAY_AMT_SEP"/>
<entry key="column_scale" type="xdouble" value="5.401246270601488E-5"/>
<entry key="column_translate" type="xdouble" value="0.0"/>
<entry key="column_min" type="xdouble" value="0.0"/>
<entry key="column_max" type="xdouble" value="1.0"/>
</config>
<config key="PAY_AMT_AUG">
<entry key="column_name" type="xstring" value="PAY_AMT_AUG"/>
<entry key="column_scale" type="xdouble" value="7.863882491469757E-5"/>
<entry key="column_translate" type="xdouble" value="0.0"/>
<entry key="column_min" type="xdouble" value="0.0"/>
<entry key="column_max" type="xdouble" value="1.0"/>
</config>
<config key="PAY_AMT_JUL">
<entry key="column_name" type="xstring" value="PAY_AMT_JUL"/>
<entry key="column_scale" type="xdouble" value="6.344599299998076E-5"/>
<entry key="column_translate" type="xdouble" value="0.0"/>
<entry key="column_min" type="xdouble" value="0.0"/>
<entry key="column_max" type="xdouble" value="1.0"/>
</config>
<config key="Age">
<entry key="column_name" type="xstring" value="Age"/>
<entry key="column_scale" type="xdouble" value="0.018518518518518517"/>
<entry key="column_translate" type="xdouble" value="-0.42592592592592593"/>
<entry key="column_min" type="xdouble" value="0.0"/>
<entry key="column_max" type="xdouble" value="1.0"/>
</config>
</config>
<entry key="summary" type="xstring" value="Min/Max (0.0, 1) normalization on 20 column(s)"/>
</config>
</config>
