<?xml version="1.0" encoding="UTF-8"?>
<config xmlns="http://www.knime.org/2008/09/XMLConfig" xmlns:xsi="http://www.w3.org/2001/XMLSchema-instance" xsi:schemaLocation="http://www.knime.org/2008/09/XMLConfig http://www.knime.org/XMLConfig_2008_09.xsd" key="MiningSchema">
<config key="learning">
<entry key="array-size" type="xint" value="23"/>
<entry key="0" type="xstring" value="LIMIT_BAL"/>
<entry key="1" type="xstring" value="SEX"/>
<entry key="2" type="xstring" value="EDUCATION"/>
<entry key="3" type="xstring" value="MARRIAGE"/>
<entry key="4" type="xstring" value="PAY_DEC"/>
<entry key="5" type="xstring" value="PAY_NOV"/>
<entry key="6" type="xstring" value="PAY_OCT"/>
<entry key="7" type="xstring" value="PAY_SEP"/>
<entry key="8" type="xstring" value="PAY_AUG"/>
<entry key="9" type="xstring" value="PAY_JUL"/>
<entry key="10" type="xstring" value="BILL_AMT_DEC"/>
<entry key="11" type="xstring" value="BILL_AMT_NOV"/>
<entry key="12" type="xstring" value="BILL_AMT_OCT"/>
<entry key="13" type="xstring" value="BILL_AMT_SEP"/>
<entry key="14" type="xstring" value="BILL_AMT_AUG"/>
<entry key="15" type="xstring" value="BILL_AMT_JUL"/>
<entry key="16" type="xstring" value="PAY_AMT_DEC"/>
<entry key="17" type="xstring" value="PAY_AMT_NOV"/>
<entry key="18" type="xstring" value="PAY_AMT_OCT"/>
<entry key="19" type="xstring" value="PAY_AMT_SEP"/>
<entry key="20" type="xstring" value="PAY_AMT_AUG"/>
<entry key="21" type="xstring" value="PAY_AMT_JUL"/>
<entry key="22" type="xstring" value="Age"/>
</config>
<config key="target">
<entry key="array-size" type="xint" value="1"/>
<entry key="0" type="xstring" value="DEFAULT PAYMENT JAN"/>
</config>
</config>
